Final Iteration,Final Iteration, Final Iteration, Final Iteration, Final Iteration, Final Iteration
2-g4dpoBclM7MZc3NZWr,Clique Number Estimation via Differentiable Functions of Adjacency Matrix Permutations,accept,"Relevance: The paper proposes a novel, differentiable approach to estimating the clique number in graphs, which is a key problem in various applications. | Novelty: The proposed MxNet model is a novel, end-to-end differentiable approach to clique number estimation, which is distinct from existing non-differentiable combinatorial methods. | Trainium: The paper does not provide enough details about the specific operations and implementation of the MxNet model to determine its compatibility with AWS Trainium. | Similarity: The current paper proposes a novel differentiable approach for estimating the clique number in a graph, which is distinct from the topics covered in the retrieved papers. The method involves a formulation of the maximum clique problem as a maximization of the size of dense submatrices within a permuted adjacency matrix, which is not discussed in the retrieved papers.",no,unclear
qehHW5oBclM7MZc3-pI0,Unifying Knowledge from Diverse Datasets to Enhance Spatial-Temporal Modeling: A Granularity-Adaptive Geographical Embedding Approach,accept,"Relevance: The paper proposes a novel Segment Quadtree Geographical Embedding Framework (SQGEF) that integrates knowledge from diverse datasets to enhance spatial-temporal modeling, which is a relevant and innovative approach. | Novelty: The proposed SQGEF framework is a novel method for learning unified representations for multi-granularity geographical entities, which is not a trivial modification of existing techniques. | Trainium: The abstract does not provide enough details about the specific implementation and requirements of the proposed method to determine its compatibility with AWS Trainium. | Similarity: The current paper proposes a novel Segment Quadtree Geographical Embedding Framework (SQGEF) to integrate knowledge from diverse datasets and enhance spatial-temporal modeling, which is distinct from the topics and methods covered in the retrieved papers.",no,unclear
oeg2dpoBclM7MZc3YpS5,DiffPuter: Empowering Diffusion Models for Missing Data Imputation,reject,"Relevance: The paper proposes a novel diffusion-based model architecture and training algorithm for missing data imputation, which is a relevant and important problem. | Novelty: The proposed DiffPuter model and its iterative training procedure using the EM algorithm appear to be a novel approach to missing data imputation, going beyond simple modifications to existing models. | Trainium: The paper does not provide enough details about the specific model architecture and operations used, so it's unclear if the method can be efficiently implemented on AWS Trainium. | Similarity: The current paper, DiffPuter, is similar to the retrieved paper [3] Robust Simulation-Based Inference under Missing Data via Neural Processes in that they both address the problem of missing data imputation using generative models.",yes,unclear
Weg2dpoBclM7MZc3EJTo,Unlocking the Potential of Model Calibration in Federated Learning,reject,"Relevance: The paper proposes a novel framework, NUCFL, that integrates federated learning with model calibration, which is an important aspect for practical decision-making scenarios. | Novelty: NUCFL is a new approach to addressing the challenge of model calibration in heterogeneous federated learning settings, which is not trivial and goes beyond simple parameter tuning or dataset swaps. | Trainium: The paper does not provide enough details about the specific techniques used in NUCFL to determine if it can be efficiently implemented on AWS Trainium. | Similarity: The proposed NUCFL framework in the current paper is similar to the concept of model calibration discussed in the retrieved papers, particularly [1] which also focuses on addressing client heterogeneity in federated learning. The current paper aims to improve model calibration, which is a distinct aspect from the primary focus on model accuracy in the retrieved papers.",yes,unclear
Ieg1dpoBclM7MZc3y5RK,(Mis)Fitting Scaling Laws: A Survey of Scaling Law Fitting Techniques in Deep Learning,reject,"Relevance: The paper is a survey and analysis of existing scaling law fitting techniques, rather than proposing any new ML models, training algorithms, or efficiency improvements. | Novelty: The paper does not propose any new scaling law fitting techniques, but rather analyzes and discusses existing ones. | Trainium: The paper does not provide enough details about any specific scaling law fitting techniques to assess their Trainium compatibility.",not_evaluated,unclear
t-g4dpoBclM7MZc3BZXd,Looking Backward: Retrospective Backward Synthesis for Goal-Conditioned GFlowNets,reject,"Relevance: The paper proposes a novel training algorithm called Retrospective Backward Synthesis (RBS) for goal-conditioned GFlowNets, which is a new model architecture for diverse reward maximization. | Novelty: The RBS algorithm is a novel training technique that aims to address the sparse reward problem in goal-conditioned GFlowNets, which is not a trivial modification to existing methods. | Trainium: The abstract does not provide enough details about the specific implementation and requirements of the proposed method to determine its compatibility with AWS Trainium. | Similarity: The current paper proposes a novel method called Retrospective Backward Synthesis (RBS) to address the challenges in training goal-conditioned GFlowNets, which is similar to the methods discussed in the retrieved papers, particularly [1] COFlowNet and [2] Sibling Augmented GFlowNets.",yes,unclear
m-g3dpoBclM7MZc35pVh,Advancing Graph Generation through Beta Diffusion,accept,"Relevance: The paper proposes a novel diffusion-based graph generation model that can effectively handle the mixed discrete and continuous components of graph data. | Novelty: The use of a beta diffusion process to model both discrete and continuous elements of graphs is a novel approach compared to existing graph generation techniques. | Trainium: The model is implemented in PyTorch and uses standard operations, making it compatible with AWS Trainium. | Similarity: The current paper introduces a novel Graph Beta Diffusion (GBD) model that specifically handles the mixed discrete and continuous components of graph data, which is distinct from the diffusion models for tabular data or image generation discussed in the retrieved papers.",no,yes
ueg5dpoBclM7MZc36ZZN,ReMatching Dynamic Reconstruction Flow,reject,"Relevance: The paper proposes a novel framework called ReMatching that incorporates deformation priors into dynamic reconstruction models, which is relevant for improving the quality of reconstructions from unseen viewpoints and timestamps. | Novelty: The ReMatching framework is a novel approach that combines velocity-field based priors with existing dynamic reconstruction pipelines, which is a material improvement over known techniques. | Trainium: The abstract does not provide enough details about the specific implementation and requirements of the ReMatching framework to determine its compatibility with AWS Trainium. | Similarity: The proposed ReMatching framework is similar to the Correspondence-guided Gaussian Splatting (CorrGS) method described in the retrieved paper [4], as both aim to improve dynamic scene reconstruction by incorporating deformation priors into the reconstruction model.",yes,unclear
Feg4dpoBclM7MZc37JYq,The Superposition of Diffusion Models Using the It√¥ Density Estimator,reject,"Relevance: The paper proposes a novel method for combining pre-trained diffusion models, which is an innovative approach to model architecture and training algorithms. | Novelty: The proposed 'superposition' framework for combining diffusion models is a novel technique that goes beyond minor modifications to existing models. | Trainium: The paper lacks sufficient details on the specific implementation and requirements to determine if it can be efficiently run on AWS Trainium. | Similarity: The paper proposes a novel framework called 'superposition' for combining multiple pre-trained diffusion models, which is similar in method and application to the Diffusion Bridge Implicit Models (DBIM) paper [2].",yes,unclear
bug5dpoBclM7MZc3kZa0,Should VLMs be Pre-trained with Image Data?,reject,"Relevance: The paper proposes a novel training strategy for vision-language models by introducing image data at different stages of pre-training, which is relevant for improving model performance on vision-language tasks. | Novelty: The paper explores a novel training strategy for vision-language models that is not widely known in 2024-2025, as it goes beyond simple dataset swaps or minor tuning of existing models. | Trainium: The paper describes a training strategy that can be expressed in PyTorch/XLA and uses FP16/BF16 operations, which are compatible with AWS Trainium. | Similarity: The paper is similar to [1] 'From Pixels to Tokens: Byte-Pair Encoding on Quantized Visual Modalities' in that it explores the integration of visual tokens into language models for improved multimodal performance.",yes,yes
feg2dpoBclM7MZc3N5TA,Causal Information Prioritization for Efficient Reinforcement Learning,reject,"Relevance: The paper proposes a novel causal information prioritization method for improving sample efficiency in reinforcement learning, which aligns with the specified criteria. | Novelty: The proposed Causal Information Prioritization (CIP) method appears to be a novel approach that leverages causal relationships to enhance exploration and learning efficiency, going beyond typical RL techniques. | Trainium: The abstract does not provide enough details about the specific implementation and requirements of the CIP method to determine its compatibility with AWS Trainium. | Similarity: The current paper proposes a method named Causal Information Prioritization (CIP) that leverages causal relationships between states, actions, and rewards to improve sample efficiency in reinforcement learning, which is similar to the approach described in the paper 'Towards Empowerment Gain through Causal Structure Learning in Model-Based Reinforcement Learning'.",yes,unclear
Geg6dpoBclM7MZc3g5fB,Interleaved Scene Graphs for Interleaved Text-and-Image Generation Assessment,accept,"Relevance: The paper proposes a novel evaluation framework (ISG) and benchmark (ISG-Bench) for interleaved text-and-image generation, which is a relevant and important problem for AI systems. | Novelty: The ISG evaluation framework and ISG-Bench benchmark are novel contributions that have not been proposed before, as per the information provided in the abstract. | Trainium: The abstract does not provide enough details about the specific techniques or models used, so it is unclear if they can be efficiently implemented on AWS Trainium. | Similarity: The current paper introduces a new comprehensive evaluation framework called ISG and a benchmark dataset ISG-Bench for interleaved text-and-image generation, which is distinct from the topics covered in the retrieved papers. The paper also presents a baseline agent employing a novel pipeline, which represents a clear material improvement over existing approaches.",no,unclear
gOhHZpoBclM7MZc3qZMh,Occlusion-aware Non-Rigid Point Cloud Registration via Unsupervised Neural Deformation Correntropy,accept,"Relevance: The paper proposes a novel unsupervised neural deformation method for non-rigid point cloud registration that is robust to occlusion, which is a relevant problem for many computer vision and robotics applications. | Novelty: The paper introduces a new unsupervised method that combines implicit neural representations with the maximum correntropy criterion, which is a novel approach to non-rigid point cloud registration. | Trainium: The paper does not provide enough details about the specific neural network architecture and operations used, so it is unclear if the method can be efficiently implemented on AWS Trainium. | Similarity: The current paper proposes a novel unsupervised method for non-rigid point cloud registration that utilizes the adaptive correntropy function to handle occlusion scenarios, which is distinct from the methods described in the retrieved papers.",no,unclear
xeg5dpoBclM7MZc3-5YX,Adaptive Retention & Correction: Test-Time Training for Continual Learning,accept,"Relevance: The paper proposes a novel continual learning approach called Adaptive Retention & Correction (ARC) that introduces an Out-of-Task Detection method and adaptive mechanisms for tuning the classifier layer and revising predictions during the testing phase. | Novelty: The proposed ARC approach is a novel continual learning technique that is distinct from existing memory-based or memory-free methods, and the authors provide credible experimental evidence of its effectiveness. | Trainium: The abstract does not provide enough details about the specific techniques and operations used in the ARC approach to determine if it can be efficiently implemented on AWS Trainium. | Similarity: The current paper proposes a novel approach called Adaptive Retention & Correction (ARC) for continual learning, which is distinct from the methods discussed in the retrieved papers. The paper claims to provide a solution focused on the testing phase, which is a new contribution not covered in the prior work.",no,unclear
H-g3dpoBclM7MZc3HpXu,Generating Likely Counterfactuals Using Sum-Product Networks,reject,"Relevance: The paper proposes a novel method for generating likely counterfactual explanations using Sum-Product Networks, which is relevant for improving the interpretability of AI systems. | Novelty: The use of Sum-Product Networks and Mixed-Integer Optimization to model the search for likely counterfactual explanations is a novel approach not widely known in 2024-2025. | Trainium: The abstract does not provide enough detail to determine if the proposed method can be efficiently implemented on AWS Trainium. | Similarity: The current paper is similar to [1] 'Rethinking Visual Counterfactual Explanations Through Region Constraint' in that it focuses on generating likely counterfactual explanations, which is a key topic in the retrieved papers.",yes,unclear
SuhHZpoBclM7MZc3VZNH,Pyramidal Flow Matching for Efficient Video Generative Modeling,reject,"Relevance: The paper proposes a novel pyramidal flow matching algorithm for efficient video generative modeling, which is an innovative new model architecture. | Novelty: The pyramidal flow matching algorithm and autoregressive video generation with temporal pyramid are novel techniques not widely known in 2024-2025. | Trainium: The method is expressed in PyTorch/XLA and uses FP16/BF16, which are compatible with AWS Trainium. | Similarity: The paper introduces a pyramidal flow matching algorithm for efficient video generative modeling, which is similar to the approach described in [3] Lumina-T2X: Scalable Flow-based Large Diffusion Transformer for Flexible Resolution Generation.",yes,yes
jug2dpoBclM7MZc3S5Qs,Towards Scalable Exact Machine Unlearning Using Parameter-Efficient Fine-Tuning,reject,"Relevance: The paper proposes a novel parameter-efficient fine-tuning approach for exact machine unlearning, which is an important problem in ML systems. | Novelty: The proposed S3T framework introduces a new technique for efficient unlearning by sequentially training layers with disjoint data slices, which is a novel approach compared to existing exact unlearning methods. | Trainium: The paper mentions using PyTorch/XLA and relying on transformer-compatible ops, which suggests the method should be compatible with AWS Trainium. | Similarity: The paper proposes an exact unlearning framework called S3T that is similar to the approaches discussed in the retrieved papers, particularly [1] System-Aware Unlearning Algorithms and [2] Provable unlearning in topic modeling and downstream tasks, which also focus on efficient and exact unlearning techniques.",yes,yes
Heg1dpoBclM7MZc3rpSz,Divergence-enhanced Knowledge-guided Context Optimization for Visual-Language Prompt Tuning,reject,"Relevance: The paper proposes a novel method for prompt tuning vision-language models that aims to improve performance on downstream tasks with limited training data by reducing the bias towards pre-training knowledge. | Novelty: The proposed Divergence-enhanced Knowledge-guided Prompt Tuning (DeKg) method, which uses the Hilbert-Schmidt Independence Criterion to regularize the learnable prompts, appears to be a novel approach that has not been widely used in existing techniques. | Trainium: The abstract does not provide enough details about the specific implementation and requirements of the proposed method to determine its compatibility with AWS Trainium. | Similarity: This paper proposes a method for prompt tuning vision-language models, which is similar to the approaches described in the retrieved papers, particularly [1] DynaPrompt and [2] ZIP. The key idea of using divergence-based regularization to mitigate overfitting is also related to the prompt optimization techniques discussed in these prior works.",yes,unclear
jeg5dpoBclM7MZc3t5Zv,"Node Identifiers: Compact, Discrete Representations for Efficient Graph Learning",accept,"Relevance: The paper proposes a novel end-to-end framework for generating compact, discrete, and interpretable node representations for efficient graph learning, which is relevant for ML research and applications. | Novelty: The proposed node identifier representation is a novel approach to compressing continuous node embeddings from GNNs, which is a material improvement over existing techniques. | Trainium: The method is based on PyTorch and uses standard operations like vector quantization, which are compatible with AWS Trainium's XLA-based execution. | Similarity: The current paper presents a novel framework for generating compact, discrete, and interpretable node representations, which is distinct from the topics covered in the retrieved papers. The paper claims to achieve competitive performance while improving speed and memory efficiency, which represents a clear material improvement over the prior work.",no,yes
C-g4dpoBclM7MZc33JbZ,Targeted Attack Improves Protection against Unauthorized Diffusion Customization,reject,"Relevance: The paper proposes a novel targeted attack method to improve protection against unauthorized diffusion model customization, which is a relevant and important problem. | Novelty: The paper introduces a new targeted attack approach to enhance protection against diffusion model customization, which is a novel technique compared to existing untargeted attack-based protection methods. | Trainium: The paper does not provide enough technical details to assess the compatibility of the proposed method with AWS Trainium. | Similarity: The current paper is similar to [1] AdvPaint in proposing an adversarial attack-based approach to protect against unauthorized diffusion model customization, which is closely related to the inpainting task addressed in [1].",yes,unclear
oug5dpoBclM7MZc3zpZU,Interpreting the Second-Order Effects of Neurons in CLIP,reject,"Relevance: The paper proposes a novel 'second-order lens' technique to interpret the function of individual neurons in the CLIP model, which could lead to new model architectures and training techniques. | Novelty: The 'second-order lens' approach to analyzing neuron effects is a novel technique not widely known in 2024-2025. | Trainium: The paper does not provide enough details about the specific operations and kernels used in the proposed technique to determine if it can be efficiently implemented on AWS Trainium. | Similarity: The current paper is similar to [1] 'Boosting the visual interpretability of CLIP via adversarial fine-tuning' in its focus on interpreting and improving the interpretability of CLIP, a visual representation learning model. Both papers analyze the inner workings of CLIP to enhance its interpretability.",yes,unclear
L-hUW5oBclM7MZc3dpNb,Adam Exploits $\ell_\infty$-geometry of Loss Landscape via Coordinate-wise Adaptivity,reject,Relevance: Evaluation failed: Invalid \escape: line 5 column 96 (char 322) | Novelty: Evaluation failed: Invalid \escape: line 5 column 96 (char 322) | Trainium: Evaluation failed: Invalid \escape: line 5 column 96 (char 322),not_evaluated,unknown
lOg2dpoBclM7MZc3VJSV,Boosting Neural Combinatorial Optimization for Large-Scale Vehicle Routing Problems,accept,"Relevance: The paper proposes a novel Transformer-based architecture and a self-improved training algorithm for large-scale vehicle routing problems, which are directly relevant to ML model development and optimization. | Novelty: The proposed cross-attention mechanism and self-improved training algorithm appear to be novel approaches that could significantly improve the scalability of neural combinatorial optimization methods. | Trainium: The paper mentions using PyTorch and transformer-compatible operations, which suggests the method could be implemented on AWS Trainium. | Similarity: The current paper proposes a novel lightweight cross-attention mechanism and a self-improved training algorithm to boost the scalability of neural combinatorial optimization methods for large-scale vehicle routing problems, which is distinct from the focus on generalist combinatorial optimization agents, diverse solution strategies, and linear-time attention in the retrieved papers.",no,yes
A-g3dpoBclM7MZc3AJWJ,SynCamMaster: Synchronizing Multi-Camera Video Generation from Diverse Viewpoints,reject,"Relevance: The paper proposes a novel multi-view synchronization module to enhance a pre-trained text-to-video model for consistent multi-camera video generation, which is a relevant and innovative technique. | Novelty: The proposed method of maintaining appearance and geometry consistency across diverse viewpoints in open-world video generation is a novel approach compared to existing methods focused on single-object 4D reconstruction. | Trainium: The abstract does not provide enough details about the specific model architecture and operations used, so it is unclear if the method can be efficiently implemented on AWS Trainium. | Similarity: The proposed SynCamMaster method is similar to the VD3D paper in its goal of enabling camera control for video diffusion models. Both papers aim to improve the camera control capabilities of video generation models, though SynCamMaster focuses on multi-camera consistency while VD3D enables single-camera control.",yes,unclear
W-hHZpoBclM7MZc3c5MY,SBSC: Step-by-Step Coding for Improving Mathematical Olympiad Performance,accept,"Relevance: The paper proposes a novel multi-turn math reasoning framework called SBSC that leverages LLMs to generate sequences of programs for solving Olympiad-level math problems, which is directly relevant to innovative ML model architectures and training algorithms. | Novelty: SBSC is a novel approach that outperforms existing state-of-the-art math reasoning strategies, indicating it is a materially better training and inference method compared to widely known 2024-2025 techniques. | Trainium: The abstract does not provide enough detail to determine if SBSC can be expressed in PyTorch/XLA and use FP16/BF16 operations compatible with AWS Trainium. | Similarity: The current paper proposes a novel multi-turn math reasoning framework called SBSC, which is distinct from the methods described in the retrieved papers. The paper claims to achieve significant performance improvements on Olympiad-level math problems, which is a new contribution not covered in the retrieved papers.",no,unclear
yuhIZpoBclM7MZc3DJOt,KooNPro: A Variance-Aware Koopman Probabilistic Model Enhanced by Neural Process for Time Series Forecasting,reject,"Relevance: The paper proposes a novel probabilistic time series forecasting model that combines a variance-aware Koopman model with a Neural Process, which is a relevant and innovative approach. | Novelty: The combination of a variance-aware Koopman model and a Neural Process for time series forecasting appears to be a novel approach that goes beyond typical parameter tuning or benchmarking. | Trainium: The abstract does not provide enough details about the specific model architecture and implementation to determine if it can be efficiently run on AWS Trainium. | Similarity: The current paper introduces a probabilistic time series forecasting model that combines a Koopman model with a Neural Process, which is similar in method and architecture to the Flow Matching with Gaussian Process Priors for Probabilistic Time Series Forecasting paper.",yes,unclear
mug3dpoBclM7MZc35ZUh,Chain-of-Action: Faithful and Multimodal Question Answering through Large Language Models,accept,"Relevance: The paper proposes a novel Chain-of-Action framework for multimodal and retrieval-augmented question answering, which addresses the challenges of unfaithful hallucination and weak reasoning performance. | Novelty: The Chain-of-Action framework and the proposed 'Plug-and-Play' actions for retrieving real-time information from heterogeneous sources appear to be novel contributions compared to widely known 2024-2025 techniques. | Trainium: The abstract does not provide enough details about the specific implementation and technical requirements of the proposed methods to determine their compatibility with AWS Trainium. | Similarity: The current paper presents a novel Chain-of-Action (CoA) framework for multimodal and retrieval-augmented Question Answering, which is distinct from the topics covered in the retrieved papers. The paper claims to overcome challenges of unfaithful hallucination and weak reasoning performance, which are not the focus of the retrieved papers.",no,unclear
reg2dpoBclM7MZc3cJTJ,Towards Self-Supervised Covariance Estimation in Deep Heteroscedastic Regression,reject,"Relevance: The paper proposes a novel self-supervised approach for covariance estimation in deep heteroscedastic regression, which is an important problem in ML. | Novelty: The proposed method of using a 2-Wasserstein distance bound and a neighborhood-based heuristic for pseudo-labeling appears to be a novel contribution compared to existing techniques. | Trainium: The abstract does not provide enough details about the specific operations and implementation to determine if it can be efficiently run on AWS Trainium. | Similarity: The paper is similar to [2] Minimax Optimal Two-Stage Algorithm For Moment Estimation Under Covariate Shift as they both address the problem of estimating the covariance or moments under covariate shift, which is a common issue in real-world scenarios.",yes,unclear
mOg3dpoBclM7MZc3w5UK,Disentangling 3D Animal Pose Dynamics with Scrubbed Conditional Latent Variables,reject,"Relevance: The paper proposes a new framework for disentangling 3D animal pose dynamics using conditional variational autoencoders and adversarial learning, which is relevant for innovative model architectures and training algorithms. | Novelty: The proposed framework for disentangling behavioral factors in animal pose dynamics appears to be a novel approach compared to existing techniques. | Trainium: The abstract does not provide enough detail to determine if the method can be efficiently implemented on AWS Trainium. | Similarity: The current paper is similar to [1] 'Inverse decision-making using neural amortized Bayesian actors' in using neural networks for unsupervised learning of latent representations from behavioral data, which can then be used for downstream tasks like clustering and synthesis.",yes,unclear
TehHZpoBclM7MZc3XJPT,Infilling Score: A Pretraining Data Detection Algorithm for Large Language Models,reject,"Relevance: The paper proposes a novel pretraining data detection algorithm, Infilling Score, which is an innovative technique for improving the efficiency and accuracy of detecting contamination in language model training data. | Novelty: The Infilling Score method is a novel approach that uses non-causal token likelihoods, which is a significant departure from existing methods like Min-K% and Min-K%++. | Trainium: The paper indicates that the Infilling Score method can be computed for autoregressive models without retraining, and the proposed ratio test-statistic is invariant to vocabulary size, suggesting it can be efficiently implemented on AWS Trainium. | Similarity: The current paper introduces a new pretraining data detection algorithm called Infilling Score, which is similar in method and purpose to the Min-K% and Min-K%++ algorithms described in [1].",yes,yes
G-hUW5oBclM7MZc3E5Ps,Diffusion Bridge Implicit Models,reject,"Relevance: The paper proposes a new diffusion bridge implicit model (DBIM) architecture that enables faster sampling compared to the vanilla diffusion model, while maintaining generation diversity. | Novelty: The DBIM approach is a novel generalization of denoising diffusion bridge models, introducing a new class of non-Markovian diffusion bridges with an ODE-based sampling process. | Trainium: The DBIM approach is based on PyTorch and uses standard diffusion model operations, which are likely compatible with AWS Trainium. | Similarity: This paper proposes a method for fast sampling of diffusion bridge models, which is similar to the neural guided diffusion bridges in [1]. The paper also discusses the connection to continuous-time diffusion models, which is related to the work in [2].",yes,yes
l-g5dpoBclM7MZc3w5bz,Utilitarian Algorithm Configuration for Infinite Parameter Spaces,reject,"Relevance: The paper proposes a new algorithm configuration procedure, COUP, that can efficiently search infinite parameter spaces, which is a novel and relevant technique for ML model optimization. | Novelty: COUP is a new algorithm that offers theoretical guarantees and improved performance over previous utilitarian configuration procedures, which is a novel contribution. | Trainium: The abstract does not provide enough details about the specific implementation of COUP to determine if it can be easily expressed in PyTorch/XLA and run efficiently on AWS Trainium. | Similarity: The paper proposes a new algorithm configuration procedure called COUP that can search infinite parameter spaces, which is similar to the adaptive backtracking approach described in [1] 'Adaptive backtracking for faster optimization'.",yes,unclear
7OhIZpoBclM7MZc3N5Ma,Intelligent Go-Explore: Standing on the Shoulders of Giant Foundation Models,reject,"Relevance: The paper proposes a novel algorithm, Intelligent Go-Explore, that combines the strengths of foundation models and the Go-Explore algorithm to enable more generally capable agents with impressive exploration capabilities. | Novelty: The paper introduces a new algorithm, Intelligent Go-Explore, which is a significant extension of the original Go-Explore algorithm by leveraging the intelligence and internalized human notions of interestingness captured by giant pretrained foundation models. | Trainium: The abstract does not provide enough details about the specific implementation and requirements of the Intelligent Go-Explore algorithm to determine its compatibility with AWS Trainium. | Similarity: This paper builds on the Go-Explore algorithm, similar to the work described in [1] ExACT, which also used a variant of Monte Carlo Tree Search to enhance exploration capabilities. The key difference is the use of foundation models to guide exploration, which is a novel contribution.",yes,unclear
-ug2dpoBclM7MZc39ZRx,Towards Improving Exploration through Sibling Augmented GFlowNets,reject,"Relevance: The paper proposes a novel Sibling Augmented Generative Flow Network (SA-GFN) architecture that aims to improve exploration and training efficiency of GFlowNets, which is relevant for ML model development. | Novelty: The SA-GFN architecture with a decoupled dual network design and use of intrinsic rewards for exploration appears to be a novel approach compared to existing GFlowNet techniques. | Trainium: The abstract does not provide enough details about the specific implementation and operations used in the SA-GFN model to determine its compatibility with AWS Trainium. | Similarity: The current paper introduces Sibling Augmented Generative Flow Networks (SA-GFN), which is similar in method to the goal-conditioned GFlowNets discussed in [1] and the action abstraction techniques in [2]. The goal of improving exploration in GFlowNets is also shared with [3] and [4].",yes,unclear
b-g6dpoBclM7MZc34ZdZ,The Belief State Transformer,accept,"Relevance: The paper proposes a novel Transformer-based model architecture, the Belief State Transformer, which aims to improve performance on challenging problems that conventional Transformers struggle with. | Novelty: The Belief State Transformer is a novel model architecture that takes both prefix and suffix as inputs and learns a compact belief state to enable more efficient goal-conditioned decoding, better test-time inference, and high-quality text representations. | Trainium: The abstract does not provide enough details about the specific implementation and operations used in the Belief State Transformer to determine its compatibility with AWS Trainium. | Similarity: The current paper introduces a novel Belief State Transformer architecture that takes both prefix and suffix as inputs, with the objective of predicting the next token for the prefix and the previous token for the suffix. This is a distinct approach from the retrieved papers, which focus on different aspects of transformer models such as limitations, efficiency, and attention mechanisms.",no,unclear
G-g1dpoBclM7MZc3qZSB,Decoupling Layout from Glyph in Online Chinese Handwriting Generation,reject,"Relevance: The paper proposes a novel model architecture that decouples text layout and glyph generation, which could be valuable for online handwriting generation. | Novelty: The proposed hierarchical approach of generating text layout and glyphs separately is a novel technique compared to existing methods. | Trainium: The paper lacks details on the specific model architecture and implementation, so it's unclear if the method can be efficiently deployed on AWS Trainium. | Similarity: The current paper is similar to [2] SketchDNN in that it also uses a diffusion-based approach to generate text, in this case for online Chinese handwriting. Both papers focus on generating structured text content, leveraging diffusion models to capture the style and layout of the text.",yes,unclear
iug3dpoBclM7MZc3sJXx,Lumina-T2X: Scalable Flow-based Large Diffusion Transformer for Flexible Resolution Generation,reject,"Relevance: The paper proposes a novel, scalable diffusion transformer architecture (Lumina-T2X) that can generate high-quality images, videos, and other modalities at flexible resolutions and durations. | Novelty: The Lumina-T2X architecture and techniques like zero-initialized attention, learnable placeholders, and flow matching are novel compared to existing diffusion transformer models. | Trainium: The paper lacks sufficient implementation details to determine if the Lumina-T2X model can be efficiently deployed on AWS Trainium. | Similarity: The Lumina-T2X paper describes a scalable flow-based diffusion transformer model for generating images, videos, and other modalities, which is similar in method and architecture to the HART and ARLON papers from the retrieved context. The Lumina-T2X paper appears to build on and extend the work presented in the HART paper.",yes,unclear
U-g5dpoBclM7MZc3WZa1,Regret-Optimal List Replicable Bandit Learning: Matching Upper and Lower Bounds,accept,"Relevance: The paper proposes new list replicable bandit learning algorithms with regret guarantees, which is relevant for efficient and robust ML training. | Novelty: The paper presents novel list replicable algorithms for multi-armed and linear bandits, which improve upon existing techniques. | Trainium: The paper does not provide enough details on the implementation to judge Trainium compatibility, as it focuses on the theoretical aspects. | Similarity: The current paper proposes novel list replicable algorithms for multi-armed and linear bandits, which is a distinct problem from the topics covered in the retrieved papers.",no,unclear
D-hTW5oBclM7MZc31ZMb,AgentHarm: A Benchmark for Measuring Harmfulness of LLM Agents,reject,"Relevance: The paper proposes a new benchmark for measuring the harmfulness of LLM agents, which is a relevant and important topic for AI safety and robustness. | Novelty: The benchmark is a novel approach to evaluating the safety and robustness of LLM agents, which has not been extensively studied before. | Trainium: The paper does not provide enough technical details about the methods used in the benchmark to determine if they can be efficiently implemented on AWS Trainium. | Similarity: The current paper is similar to the retrieved papers in its focus on evaluating the safety and robustness of large language models (LLMs), particularly against jailbreak attacks. The proposed AgentHarm benchmark is similar in purpose to the SORRY-Bench described in [1].",yes,unclear
kug3dpoBclM7MZc3upUj,Improving Graph Neural Networks by Learning Continuous Edge Directions,accept,"Relevance: The paper proposes a novel GNN architecture that learns continuous edge directions to improve message passing and feature propagation on graphs, which is relevant for ML tasks on graph-structured data. | Novelty: The proposed Continuous Edge Direction (CoED) GNN is a novel approach that goes beyond traditional GNNs by learning fuzzy edge directions, which is a material improvement over existing GNN techniques. | Trainium: The CoED GNN is described as being expressible in PyTorch/XLA and using operations compatible with Trainium's XLA kernels, making it a good fit for deployment on AWS Trainium. | Similarity: The current paper proposes a novel Continuous Edge Direction (CoED) GNN architecture that learns fuzzy edge directions to improve message passing on graphs, which is distinct from the topics and methods covered in the retrieved papers.",no,yes
Zug3dpoBclM7MZc3gJWj,HyPoGen: Optimization-Biased Hypernetworks for Generalizable Policy Generation,accept,"Relevance: The paper proposes a novel hypernetwork architecture for generalizable policy generation, which is a relevant and innovative approach to improving the efficiency and flexibility of policy learning. | Novelty: The proposed HyPoGen model introduces a unique optimization-biased hypernetwork design that is distinct from existing policy generation techniques, representing a novel contribution. | Trainium: The abstract does not provide enough details about the specific implementation and hardware requirements of the HyPoGen model to determine its compatibility with AWS Trainium. | Similarity: The current paper presents a novel optimization-biased hypernetwork for policy generation, which is distinct from the methods described in the retrieved papers. The key contribution is the ability to synthesize optimal policy parameters solely from task specifications without accessing training data, which is a novel approach not covered in the provided context.",no,unclear
_-hTW5oBclM7MZc3dpJy,Towards a Unified and Verified Understanding of Group-Operation Networks,reject,"Relevance: The paper proposes a new method for explaining the internals of neural networks trained on group operations, which could be valuable for improving model interpretability and performance. | Novelty: The paper presents a novel approach to explaining the internals of group-operation neural networks, which goes beyond previous works and provides a more complete and verified understanding of these models. | Trainium: The abstract does not provide enough detail to determine if the proposed method can be efficiently implemented on AWS Trainium. | Similarity: The current paper is similar in method and result claims to the paper titled 'Everything, Everywhere, All at Once: Is Mechanistic Interpretability Identifiable?', as it also investigates the internals of neural networks trained on group operations and aims to provide a more complete explanation of such models.",yes,unclear
MuhUW5oBclM7MZc3h5Nn,SurFhead: Affine Rig Blending for Geometrically Accurate 2D Gaussian Surfel Head Avatars,reject,"Relevance: The paper proposes a method for reconstructing and rendering 2D Gaussian head avatars, which is an application-specific technique and does not introduce any new ML model architectures, training algorithms, or efficiency improvements. | Novelty: The paper does not propose any novel ML algorithms or techniques, but rather combines existing graphics and geometry processing methods for head avatar reconstruction. | Trainium: The paper does not provide enough technical details about the proposed method to determine if it can be efficiently implemented on AWS Trainium.",not_evaluated,unclear
veg2dpoBclM7MZc3g5Tj,Controlled LLM Decoding via Discrete Auto-regressive Biasing,reject,"Relevance: The paper proposes a novel controlled text generation algorithm that leverages gradients in the discrete text domain, which is relevant for improving the performance of large language models. | Novelty: The proposed Discrete Auto-regressive Biasing algorithm is a novel approach to controlled text generation, which is distinct from existing energy-based decoding methods. | Trainium: The method is described as using gradient-based discrete MCMC, which is compatible with PyTorch/XLA and can likely be implemented on AWS Trainium. | Similarity: This paper proposes a new controlled text generation method that is similar to the 'Reflection-Window Decoding' approach described in [1], which also aims to improve the optimality and controllability of text generation from large language models.",yes,yes
Jug6dpoBclM7MZc3k5cO,ET-SEED: EFFICIENT TRAJECTORY-LEVEL SE(3) EQUIVARIANT DIFFUSION POLICY,accept,"Relevance: The paper proposes a new SE(3) equivariant diffusion model for generating action sequences in robot manipulation tasks, which is a novel model architecture. | Novelty: The paper introduces a new theoretical extension of equivariant Markov kernels and a simplified condition for the equivariant diffusion process, which is a material improvement over existing equivariant diffusion models. | Trainium: The paper does not provide enough details on the specific implementation and operations used, so it's unclear if the method can be efficiently expressed in PyTorch/XLA and run on AWS Trainium. | Similarity: The current paper proposes a novel SE(3) equivariant diffusion model for robot manipulation tasks, which is distinct from the topics covered in the retrieved papers. The paper claims to improve training efficiency and data efficiency compared to prior equivariant diffusion models.",no,unclear
p-g3dpoBclM7MZc385WL,"Learning from negative feedback, or positive feedback or both",reject,"Relevance: The paper proposes a novel approach to learning from positive and negative feedback, which is relevant for training language models and reinforcement learning policies. | Novelty: The paper introduces a new method that decouples learning from positive and negative feedback, which is a novel contribution compared to existing preference optimization methods. | Trainium: The abstract does not provide enough detail to determine if the proposed method can be efficiently implemented on AWS Trainium. | Similarity: This paper is similar to [2] 'Online Preference Alignment for Language Models via Count-based Exploration' as it also focuses on learning from human feedback, including both positive and negative feedback, for aligning language models with human preferences.",yes,unclear
8-g6dpoBclM7MZc3MZYA,ConcreTizer: Model Inversion Attack via Occupancy Classification and Dispersion Control for 3D Point Cloud Restoration,reject,"Relevance: The paper proposes a novel model inversion attack called ConcreTizer that is specifically designed for 3D point cloud data, which is an important and emerging area in autonomous vehicles. | Novelty: The paper introduces a new model inversion attack technique for 3D point cloud data, which is a novel contribution compared to existing methods focused on 2D data. | Trainium: The paper does not provide enough details about the specific techniques used in ConcreTizer to determine if they can be efficiently implemented on AWS Trainium. | Similarity: The paper proposes a model inversion attack on 3D point cloud data, which is similar to the topic of the retrieved paper [1] Point-SAM that also focuses on 3D point cloud segmentation and representation. Both papers deal with challenges in 3D point cloud data processing.",yes,unclear
J-g1dpoBclM7MZc305Tf,Bandit Learning in Matching Markets with Indifference,reject,"Relevance: The paper proposes a new algorithm (AE-AGS) for bandit learning in matching markets with indifferent preferences, which is a novel and relevant problem setting for ML applications. | Novelty: The proposed AE-AGS algorithm is a novel approach to handle indifferent preferences in matching markets, which is an improvement over existing methods. | Trainium: The paper does not provide enough details about the implementation of the AE-AGS algorithm to determine its compatibility with AWS Trainium. | Similarity: The current paper is similar to [1] Neural Dueling Bandits: Preference-Based Optimization with Human Feedback in that it also considers a bandit learning problem with preference feedback, though it focuses on the specific case of matching markets with indifference.",yes,unclear
1uhIZpoBclM7MZc3G5P9,In-Context Editing: Learning Knowledge from Self-Induced Distributions,reject,"Relevance: The paper proposes a novel in-context learning technique called Consistent In-Context Editing (ICE) that aims to improve the robustness and effectiveness of gradient-based fine-tuning methods for language models. | Novelty: The ICE technique is a novel approach that leverages the model's in-context learning capability to optimize towards a contextual distribution, which is different from traditional fine-tuning methods. | Trainium: The paper does not provide enough technical details to determine if the ICE technique can be efficiently implemented on AWS Trainium. | Similarity: The current paper is similar to [1] 'Unlocking Efficient, Scalable, and Continual Knowledge Editing with Basis-Level Representation Fine-Tuning' in that it focuses on efficient knowledge editing of language models without extensive retraining.",yes,unclear
pOg2dpoBclM7MZc3ZZRu,High-dimension Prototype is a Better Incremental Object Detection Learner,accept,"Relevance: The paper proposes a novel Gaussian Mixture Distribution-based Prototype (GMDP) method for incremental object detection, which is a new model architecture and training algorithm. | Novelty: The GMDP method is a novel approach to representing complex high-dimensional feature distributions, which is an improvement over existing prototype learning methods. | Trainium: The GMDP method is based on PyTorch and uses standard neural network operations, which should be compatible with AWS Trainium. | Similarity: The current paper proposes a novel Gaussian Mixture Distribution-based Prototype (GMDP) method for incremental object detection, which is distinct from the methods and applications discussed in the retrieved papers.",no,yes
